country,colonizer,col,colstart_max,colend_max,colstart_mean,colend_mean,Duration,wiki
Burundi,belgium,1,1923,1962,1922,1962,40,https://it.wikipedia.org/wiki/Burundi
Congo - Kinshasa,belgium,1,1885,1960,1885,1960,75,https://it.wikipedia.org/wiki/Repubblica_Democratica_del_Congo
Rwanda,belgium,1,1922,1962,1919,1962,43,https://it.wikipedia.org/wiki/Ruanda
Antigua & Barbuda,britain,1,1632,1981,1632,1974,342,https://it.wikipedia.org/wiki/Antigua_e_Barbuda
Australia,britain,1,1829,1919,1798,1904,106,https://it.wikipedia.org/wiki/Australia
Bahamas,britain,1,1783,1973,1738,1973,235,https://it.wikipedia.org/wiki/Bahamas
Bahrain,britain,1,1861,1971,1861,1971,110,https://it.wikipedia.org/wiki/Bahrein
Bangladesh,britain,1,1857,1947,1796,1947,151,https://it.wikipedia.org/wiki/Bangladesh
Barbados,britain,1,1627,1966,1627,1966,339,https://it.wikipedia.org/wiki/Barbados
Belize,britain,1,1798,1981,1798,1980,182,https://it.wikipedia.org/wiki/Belize
Bhutan,britain,1,1910,1949,1888,1949,61,https://it.wikipedia.org/wiki/Bhutan
Botswana,britain,1,1895,1966,1887,1966,79,https://it.wikipedia.org/wiki/Botswana
Brunei,britain,1,1888,1984,1888,1984,96,https://it.wikipedia.org/wiki/Brunei
Canada,britain,1,1763,1919,1737,1877,140,https://it.wikipedia.org/wiki/Canada
Cyprus,britain,1,1914,1960,1887,1960,73,https://it.wikipedia.org/wiki/Cipro
Dominica,britain,1,1805,1978,1805,1972,167,https://it.wikipedia.org/wiki/Dominica
Egypt,britain,1,1882,1935,1882,1926,44,https://it.wikipedia.org/wiki/Egitto
Equatorial Guinea,britain,1,1827,1857,1827,1857,30,https://it.wikipedia.org/wiki/Guinea_Equatoriale
Eritrea,britain,1,1941,1951,1941,1951,10,https://it.wikipedia.org/wiki/Eritrea
Eswatini,britain,1,1903,1968,1897,1968,71,https://it.wikipedia.org/wiki/ESwatini
Fiji,britain,1,1874,1970,1872,1970,98,https://it.wikipedia.org/wiki/Figi
Gambia,britain,1,1888,1965,1852,1965,113,https://it.wikipedia.org/wiki/Gambia
Ghana,britain,1,1874,1957,1874,1957,83,https://it.wikipedia.org/wiki/Ghana
Grenada,britain,1,1762,1974,1762,1970,208,https://it.wikipedia.org/wiki/Grenada
Guyana,britain,1,1814,1966,1814,1966,152,https://it.wikipedia.org/wiki/Guyana_francese
India,britain,1,1857,1947,1803,1947,144,https://it.wikipedia.org/wiki/India
Iraq,britain,1,1920,1932,1917,1932,15,https://it.wikipedia.org/wiki/Iraq
Israel,britain,1,1923,1948,1920,1948,28,https://it.wikipedia.org/wiki/Israele
Jamaica,britain,1,1655,1962,1655,1962,307,https://it.wikipedia.org/wiki/Giamaica
Jordan,britain,1,1923,1946,1923,1946,23,https://it.wikipedia.org/wiki/Giordania
Kenya,britain,1,1895,1963,1891,1963,72,https://it.wikipedia.org/wiki/Kenya
Kiribati,britain,1,1892,1979,1892,1979,87,https://it.wikipedia.org/wiki/Kiribati
Kuwait,britain,1,1914,1961,1914,1961,47,https://it.wikipedia.org/wiki/Kuwait
Lesotho,britain,1,1884,1966,1874,1966,92,https://it.wikipedia.org/wiki/Lesotho
Libya,britain,1,1946,1952,1946,1952,6,https://it.wikipedia.org/wiki/Libia
Malawi,britain,1,1891,1964,1891,1964,73,https://it.wikipedia.org/wiki/Malawi
Malaysia,britain,1,1888,1963,1847,1958,111,https://it.wikipedia.org/wiki/Malaysia
Maldives,britain,1,1887,1965,1887,1965,78,https://it.wikipedia.org/wiki/Maldive
Mauritius,britain,1,1810,1968,1810,1968,158,https://it.wikipedia.org/wiki/Mauritius
Myanmar (Burma),britain,1,1886,1948,1879,1948,69,https://it.wikipedia.org/wiki/Birmania
Namibia,britain,1,1915,1920,1915,1920,5,https://it.wikipedia.org/wiki/Namibia
Nauru,britain,1,1914,1968,1914,1944,30,https://it.wikipedia.org/wiki/Nauru
New Zealand,britain,1,1840,1920,1840,1909,69,https://it.wikipedia.org/wiki/Nuova_Zelanda
Nigeria,britain,1,1899,1960,1874,1960,86,https://it.wikipedia.org/wiki/Nigeria
Pakistan,britain,1,1857,1947,1830,1947,117,https://it.wikipedia.org/wiki/Pakistan
Papua New Guinea,britain,1,1884,1920,1884,1912,28,https://it.wikipedia.org/wiki/Papua_Nuova_Guinea
Qatar,britain,1,1916,1971,1914,1970,56,https://it.wikipedia.org/wiki/Qatar
Samoa,britain,1,1914,1920,1914,1920,6,https://it.wikipedia.org/wiki/Samoa
Senegal,britain,1,1693,1817,1693,1817,124,https://it.wikipedia.org/wiki/Senegal
Seychelles,britain,1,1814,1976,1814,1976,162,https://it.wikipedia.org/wiki/Seychelles
Sierra Leone,britain,1,1896,1961,1838,1961,123,https://it.wikipedia.org/wiki/Sierra_Leone
Singapore,britain,1,1826,1963,1821,1961,140,https://it.wikipedia.org/wiki/Singapore
Solomon Islands,britain,1,1893,1978,1893,1978,85,https://it.wikipedia.org/wiki/Isole_Salomone
Somalia,britain,1,1888,1960,1885,1956,71,https://it.wikipedia.org/wiki/Somalia
South Africa,britain,1,1814,1920,1801,1912,111,https://it.wikipedia.org/wiki/Sudafrica
Sri Lanka,britain,1,1798,1948,1797,1948,151,https://it.wikipedia.org/wiki/Sri_Lanka
St. Kitts & Nevis,britain,1,1623,1983,1623,1975,352,https://it.wikipedia.org/wiki/Saint_Kitts_e_Nevis
St. Lucia,britain,1,1814,1979,1814,1973,159,https://it.wikipedia.org/wiki/Saint_Lucia
St. Vincent & Grenadines,britain,1,1762,1979,1762,1974,212,https://it.wikipedia.org/wiki/Saint_Vincent_e_Grenadine
Sudan,britain,1,1898,1956,1898,1956,58,https://it.wikipedia.org/wiki/Sudan
Tanzania,britain,1,1918,1963,1912,1961,49,https://it.wikipedia.org/wiki/Tanzania
Tonga,britain,1,1900,1970,1900,1970,70,https://it.wikipedia.org/wiki/Tonga
Trinidad & Tobago,britain,1,1797,1962,1797,1962,165,https://it.wikipedia.org/wiki/Trinidad_e_Tobago
Tuvalu,britain,1,1892,1979,1892,1978,86,https://it.wikipedia.org/wiki/Tuvalu
Uganda,britain,1,1894,1962,1892,1962,70,https://it.wikipedia.org/wiki/Uganda
United Arab Emirates,britain,1,1892,1971,1892,1971,79,https://it.wikipedia.org/wiki/Emirati_Arabi_Uniti
United States,britain,1,1607,1783,1607,1781,174,https://it.wikipedia.org/wiki/Stati_Uniti_d%27America
Vanuatu,britain,1,1906,1980,1906,1980,74,https://it.wikipedia.org/wiki/Vanuatu
Yemen,britain,1,1959,1967,1879,1967,88,https://it.wikipedia.org/wiki/Yemen
Zambia,britain,1,1923,1964,1900,1964,64,https://it.wikipedia.org/wiki/Zambia
Zimbabwe,britain,1,1923,1980,1900,1975,75,https://it.wikipedia.org/wiki/Zimbabwe
Algeria,france,1,1848,1962,1836,1962,126,https://it.wikipedia.org/wiki/Algeria
Benin,france,1,1894,1960,1873,1960,87,https://it.wikipedia.org/wiki/Benin
Burkina Faso,france,1,1895,1960,1895,1960,65,https://it.wikipedia.org/wiki/Burkina_Faso
Cambodia,france,1,1884,1953,1868,1952,84,https://it.wikipedia.org/wiki/Cambogia
Cameroon,france,1,1922,1960,1922,1960,38,https://it.wikipedia.org/wiki/Camerun
Canada,france,1,1608,1763,1608,1763,155,https://it.wikipedia.org/wiki/Canada
Central African Republic,france,1,1906,1960,1898,1960,62,https://it.wikipedia.org/wiki/Repubblica_Centrafricana
Chad,france,1,1910,1960,1899,1960,61,https://it.wikipedia.org/wiki/Ciad
Comoros,france,1,1914,1975,1878,1975,97,https://it.wikipedia.org/wiki/Comore
Congo - Brazzaville,france,1,1882,1960,1881,1960,79,https://it.wikipedia.org/wiki/Repubblica_del_Congo
Côte d’Ivoire,france,1,1889,1960,1869,1960,91,https://it.wikipedia.org/wiki/Costa_d%27Avorio
Djibouti,france,1,1884,1977,1869,1977,108,https://it.wikipedia.org/wiki/Gibuti
Dominica,france,1,1632,1763,1632,1763,131,https://it.wikipedia.org/wiki/Dominica
Gabon,france,1,1886,1960,1855,1960,105,https://it.wikipedia.org/wiki/Gabon
Grenada,france,1,1650,1762,1650,1762,112,https://it.wikipedia.org/wiki/Grenada
Guinea,france,1,1881,1958,1858,1958,100,https://it.wikipedia.org/wiki/Guinea
Haiti,france,1,1665,1804,1665,1804,139,https://it.wikipedia.org/wiki/Haiti
Laos,france,1,1893,1954,1892,1952,60,https://it.wikipedia.org/wiki/Laos
Lebanon,france,1,1923,1946,1921,1946,25,https://it.wikipedia.org/wiki/Libano
Madagascar,france,1,1895,1960,1890,1960,70,https://it.wikipedia.org/wiki/Madagascar
Mali,france,1,1904,1960,1897,1960,63,https://it.wikipedia.org/wiki/Mali
Mauritania,france,1,1903,1960,1882,1960,78,https://it.wikipedia.org/wiki/Mauritania
Mauritius,france,1,1715,1810,1715,1810,95,https://it.wikipedia.org/wiki/Mauritius
Morocco,france,1,1912,1956,1912,1956,44,https://it.wikipedia.org/wiki/Marocco
Niger,france,1,1922,1960,1910,1960,50,https://it.wikipedia.org/wiki/Niger
Senegal,france,1,1854,1960,1770,1960,190,https://it.wikipedia.org/wiki/Senegal
Seychelles,france,1,1756,1794,1756,1794,38,https://it.wikipedia.org/wiki/Seychelles
St. Lucia,france,1,1650,1814,1650,1814,164,https://it.wikipedia.org/wiki/Saint_Lucia
Syria,france,1,1923,1946,1922,1944,22,https://it.wikipedia.org/wiki/Siria
Togo,france,1,1922,1960,1922,1960,38,https://it.wikipedia.org/wiki/Togo
Tunisia,france,1,1881,1956,1877,1956,79,https://it.wikipedia.org/wiki/Tunisia
Vanuatu,france,1,1887,1980,1887,1980,93,https://it.wikipedia.org/wiki/Vanuatu
Vietnam,france,1,1887,1954,1869,1951,82,https://it.wikipedia.org/wiki/Vietnam
Burundi,germany,1,1899,1922,1894,1922,28,https://it.wikipedia.org/wiki/Burundi
Cameroon,germany,1,1884,1916,1884,1915,31,https://it.wikipedia.org/wiki/Camerun
Ghana,germany,1,1884,1916,1884,1916,32,https://it.wikipedia.org/wiki/Ghana
Marshall Islands,germany,1,1885,1914,1885,1914,29,https://it.wikipedia.org/wiki/Isole_Marshall
Namibia,germany,1,1885,1915,1882,1914,32,https://it.wikipedia.org/wiki/Namibia
Nauru,germany,1,1888,1914,1888,1914,26,https://it.wikipedia.org/wiki/Nauru
Palau,germany,1,1885,1914,1885,1914,29,https://it.wikipedia.org/wiki/Palau_(stato)
Rwanda,germany,1,1899,1915,1894,1915,21,https://it.wikipedia.org/wiki/Ruanda
Samoa,germany,1,1900,1914,1900,1914,14,https://it.wikipedia.org/wiki/Samoa
Solomon Islands,germany,1,1885,1918,1885,1918,33,https://it.wikipedia.org/wiki/Isole_Salomone
Tanzania,germany,1,1891,1917,1888,1916,28,https://it.wikipedia.org/wiki/Tanzania
Togo,germany,1,1885,1916,1884,1914,30,https://it.wikipedia.org/wiki/Togo
Guyana,netherlands,1,1580,1815,1580,1815,235,https://it.wikipedia.org/wiki/Guyana
Indonesia,netherlands,1,1623,1962,1621,1952,331,https://it.wikipedia.org/wiki/Indonesia
South Africa,netherlands,1,1652,1806,1652,1806,154,https://it.wikipedia.org/wiki/Sudafrica
Suriname,netherlands,1,1667,1974,1642,1964,322,https://it.wikipedia.org/wiki/Suriname
Angola,portugal,1,1576,1975,1576,1974,398,https://it.wikipedia.org/wiki/Angola
Brazil,portugal,1,1533,1822,1533,1822,289,https://it.wikipedia.org/wiki/Brasile
Cape Verde,portugal,1,1462,1975,1462,1975,513,https://it.wikipedia.org/wiki/Capo_Verde
Equatorial Guinea,portugal,1,1778,1778,1778,1778,0,https://it.wikipedia.org/wiki/Guinea_Equatoriale
Ghana,portugal,1,1482,1823,1476,1823,347,https://it.wikipedia.org/wiki/Ghana
Guinea-Bissau,portugal,1,1879,1974,1879,1973,94,https://it.wikipedia.org/wiki/Guinea-Bissau
Malaysia,portugal,1,1511,1641,1511,1641,130,https://it.wikipedia.org/wiki/Malaysia
Mozambique,portugal,1,1885,1975,1695,1974,279,https://it.wikipedia.org/wiki/Mozambico
São Tomé & Príncipe,portugal,1,1522,1975,1522,1975,453,https://it.wikipedia.org/wiki/São_Tomé_e_Príncipe
Sri Lanka,portugal,1,1619,1656,1619,1656,37,https://it.wikipedia.org/wiki/Sri_Lanka
Timor-Leste,portugal,1,1642,1975,1642,1975,333,https://it.wikipedia.org/wiki/Timor_Est
Uruguay,portugal,1,1680,1822,1680,1822,142,https://it.wikipedia.org/wiki/Uruguay
Argentina,spain,1,1580,1819,1565,1818,253,https://it.wikipedia.org/wiki/Argentina
Belize,spain,1,1524,1862,1524,1862,338,https://it.wikipedia.org/wiki/Belize
Bolivia,spain,1,1559,1825,1545,1825,280,https://it.wikipedia.org/wiki/Bolivia
Chile,spain,1,1541,1818,1541,1817,276,https://it.wikipedia.org/wiki/Cile
Colombia,spain,1,1525,1820,1518,1819,301,https://it.wikipedia.org/wiki/Colombia
Costa Rica,spain,1,1524,1821,1516,1821,305,https://it.wikipedia.org/wiki/Costa_Rica
Cuba,spain,1,1511,1899,1511,1898,387,https://it.wikipedia.org/wiki/Cuba
Dominican Republic,spain,1,1495,1865,1493,1839,346,https://it.wikipedia.org/wiki/Repubblica_Dominicana
Ecuador,spain,1,1535,1829,1534,1823,289,https://it.wikipedia.org/wiki/Ecuador
El Salvador,spain,1,1528,1821,1525,1821,296,https://it.wikipedia.org/wiki/El_Salvador
Equatorial Guinea,spain,1,1858,1968,1858,1968,110,https://it.wikipedia.org/wiki/Guinea_Equatoriale
Guatemala,spain,1,1524,1821,1524,1821,297,https://it.wikipedia.org/wiki/Guatemala
Honduras,spain,1,1524,1821,1524,1821,297,https://it.wikipedia.org/wiki/Honduras
Jamaica,spain,1,1509,1655,1509,1655,146,https://it.wikipedia.org/wiki/Giamaica
Mexico,spain,1,1521,1821,1520,1821,301,https://it.wikipedia.org/wiki/Messico
Micronesia (Federated States of),spain,1,1650,1899,1650,1899,249,https://it.wikipedia.org/wiki/Micronesia
Morocco,spain,1,1884,1975,1884,1975,91,https://it.wikipedia.org/wiki/Marocco
Nicaragua,spain,1,1524,1821,1523,1821,298,https://it.wikipedia.org/wiki/Nicaragua
Palau,spain,1,1886,1899,1886,1899,13,https://it.wikipedia.org/wiki/Palau_(stato)
Panama,spain,1,1519,1821,1514,1820,306,https://it.wikipedia.org/wiki/Panama
Paraguay,spain,1,1537,1811,1537,1811,274,https://it.wikipedia.org/wiki/Paraguay
Peru,spain,1,1533,1824,1532,1823,291,https://it.wikipedia.org/wiki/Perù
Philippines,spain,1,1565,1898,1565,1898,333,https://it.wikipedia.org/wiki/Filippine
Trinidad & Tobago,spain,1,1592,1797,1592,1797,205,https://it.wikipedia.org/wiki/Trinidad_e_Tobago
Uruguay,spain,1,1625,1828,1590,1823,233,https://it.wikipedia.org/wiki/Uruguay
Venezuela,spain,1,1556,1821,1534,1820,286,https://it.wikipedia.org/wiki/Venezuela
Eritrea,italy,1,1890,1941,1885,1940,55,https://it.wikipedia.org/wiki/Eritrea
Libya,italy,1,1912,1942,1912,1942,30,https://it.wikipedia.org/wiki/Libia
Somalia,italy,1,1905,1936,1905,1936,31,https://it.wikipedia.org/wiki/Somalia